name,common_name,independent,cca2,cca3,capital,region,subregion,languages,news_source_name,news_source,alternate news sources,trouble mark-up?,added by me?,non-daily?,
"Aruba,Aruba,Aruba,Aruba,Aruba,Aruba",Aruba,,AW,ABW,Oranjestad,Americas,Caribbean,"Dutch,Papiamento",Aruba Today,https://www.arubatoday.com/,,n,,,
"Afghanistan,Islamic Republic of Afghanistan,جمهوری اسلامی افغانستان,افغانستان,د افغانستان اسلامي جمهوریت,افغانستان,Owganystan Yslam Respublikasy,Owganystan",Afghanistan,1,AF,AFG,Kabul,Asia,Southern Asia,"Dari,Pashto,Turkmen",TOLOnews,https://tolonews.com/,,n,,,
"Angola,Republic of Angola,República de Angola,Angola",Angola,1,AO,AGO,Luanda,Africa,Middle Africa,Portuguese,Angola Press,https://www.angop.ao/angola/en_us/index.html,,n,,,
"Anguilla,Anguilla,Anguilla,Anguilla",Anguilla,,AI,AIA,The Valley,Americas,Caribbean,English,The Anguillian,http://theanguillian.com/,,maybe,,weekly,
"Åland Islands,Åland Islands,Landskapet Åland,Åland",Åland Islands,,AX,ALA,Mariehamn,Europe,Northern Europe,Swedish,,--,,,,,
"Albania,Republic of Albania,Republika e Shqipërisë,Shqipëria",Albania,1,AL,ALB,Tirana,Europe,Southern Europe,Albanian,Albanian Daily News,https://albaniandailynews.com/,https://www.tiranatimes.com/ (probabaly better; better mark-up),y,,,
"Andorra,Principality of Andorra,Principat d'Andorra,Andorra",Andorra,1,AD,AND,Andorra la Vella,Europe,Southern Europe,Catalan,All Andorra,https://all-andorra.com/,,n,,,
"United Arab Emirates,United Arab Emirates,الإمارات العربية المتحدة,دولة الإمارات العربية المتحدة",United Arab Emirates,1,AE,ARE,Abu Dhabi,Asia,Western Asia,Arabic,Khaleej Times,https://www.khaleejtimes.com/,https://www.uae-voice.net/,n,,,
"Argentina,Argentine Republic,Argentine Republic,Argentina,República Argentina,Argentina",Argentina,1,AR,ARG,Buenos Aires,Americas,South America,"Guaraní,Spanish",,https://www.batimes.com.ar/,,maybe,,,
"Armenia,Republic of Armenia,Հայաստանի Հանրապետություն,Հայաստան",Armenia,1,AM,ARM,Yerevan,Asia,Western Asia,Armenian,,https://armenpress.am/eng/,,maybe,,,
"American Samoa,American Samoa,American Samoa,American Samoa,Sāmoa Amelika,Sāmoa Amelika",American Samoa,,AS,ASM,Pago Pago,Oceania,Polynesia,"English,Samoan",,https://samoanews.com/,,n,,,
"Antarctica,Antarctica,",Antarctica,,AQ,ATA,,Antarctic,,,,--,,,,,
"French Southern and Antarctic Lands,Territory of the French Southern and Antarctic Lands,Territoire des Terres australes et antarctiques françaises,Terres australes et antarctiques françaises",French Southern and Antarctic Lands,,TF,ATF,Port-aux-Français,Antarctic,,French,,--,,,,,
"Antigua and Barbuda,Antigua and Barbuda,Antigua and Barbuda,Antigua and Barbuda",Antigua and Barbuda,1,AG,ATG,Saint John's,Americas,Caribbean,English,,https://antiguaobserver.com/,,y,,,
"Australia,Commonwealth of Australia,Commonwealth of Australia,Australia",Australia,1,AU,AUS,Canberra,Oceania,Australia and New Zealand,English,,https://www.smh.com.au/,,m,,,
"Austria,Republic of Austria,Republik Österreich,Österreich",Austria,1,AT,AUT,Vienna,Europe,Western Europe,Austro-Bavarian German,,http://www.viennatimes.com/,,n,,,
"Azerbaijan,Republic of Azerbaijan,Azərbaycan Respublikası,Azərbaycan,Азербайджанская Республика,Азербайджан",Azerbaijan,1,AZ,AZE,Baku,Asia,Western Asia,"Azerbaijani,Russian",,https://www.azernews.az/,https://news.az/,y,,,
"Burundi,Republic of Burundi,République du Burundi,Burundi,Republika y'Uburundi ,Uburundi",Burundi,1,BI,BDI,Gitega,Africa,Eastern Africa,"French,Kirundi",,https://www.iwacu-burundi.org/englishnews/,,y,,,
"Belgium,Kingdom of Belgium,Königreich Belgien,Belgien,Royaume de Belgique,Belgique,Koninkrijk België,België",Belgium,1,BE,BEL,Brussels,Europe,Western Europe,"German,French,Dutch",,https://www.brusselstimes.com/,,y (text in divs),,,
"Benin,Republic of Benin,République du Bénin,Bénin",Benin,1,BJ,BEN,Porto-Novo,Africa,Western Africa,French,,--,,,,,
"Burkina Faso,Burkina Faso,République du Burkina,Burkina Faso",Burkina Faso,1,BF,BFA,Ouagadougou,Africa,Western Africa,French,,--,,,,,
"Bangladesh,People's Republic of Bangladesh,বাংলাদেশ গণপ্রজাতন্ত্রী,বাংলাদেশ",Bangladesh,1,BD,BGD,Dhaka,Asia,Southern Asia,Bengali,,https://www.thehindu.com/,,n,,,
"Bulgaria,Republic of Bulgaria,Република България,България",Bulgaria,1,BG,BGR,Sofia,Europe,Eastern Europe,Bulgarian,,https://sofiaglobe.com/,eh on SG,n,,,
"Bahrain,Kingdom of Bahrain,مملكة البحرين,‏البحرين",Bahrain,1,BH,BHR,Manama,Asia,Western Asia,Arabic,,https://gulfnews.com/world/gulf/bahrain,,n,,,
"Bahamas,Commonwealth of the Bahamas,Commonwealth of the Bahamas,Bahamas",Bahamas,1,BS,BHS,Nassau,Americas,Caribbean,English,,https://thenassauguardian.com/,,n,,,
"Bosnia and Herzegovina,Bosnia and Herzegovina,Bosna i Hercegovina,Bosna i Hercegovina,Bosna i Hercegovina,Bosna i Hercegovina,Боснa и Херцеговина,Боснa и Херцеговина",Bosnia and Herzegovina,1,BA,BIH,Sarajevo,Europe,Southern Europe,"Bosnian,Croatian,Serbian",,https://www.sarajevotimes.com/,,n,,,
"Saint Barthélemy,Collectivity of Saint Barthélemy,Collectivité de Saint-Barthélemy,Saint-Barthélemy",Saint Barthélemy,,BL,BLM,Gustavia,Americas,Caribbean,French,,--,only PDF,,,,
"Saint Helena, Ascension and Tristan da Cunha,Saint Helena, Ascension and Tristan da Cunha,Saint Helena, Ascension and Tristan da Cunha,Saint Helena, Ascension and Tristan da Cunha",Saint Helena,,SH,SHN,Jamestown,Africa,Western Africa,English,,--,,,,,
"Belarus,Republic of Belarus,Рэспубліка Беларусь,Белару́сь,Республика Беларусь,Беларусь",Belarus,1,BY,BLR,Minsk,Europe,Eastern Europe,"Belarusian,Russian",,https://eng.belta.by/,,y; h only for headers,,,
"Belize,Belize,Belize,Belize,Belize,Belize,Belice,Belice",Belize,1,BZ,BLZ,Belmopan,Americas,Central America,"Belizean Creole,English,Spanish",,https://amandala.com.bz/news/,,n,,,
"Bermuda,Bermuda,Bermuda,Bermuda",Bermuda,,BM,BMU,Hamilton,Americas,North America,English,,http://www.royalgazette.com/,,n,,,
"Bolivia,Plurinational State of Bolivia,Wuliwya Suyu,Wuliwya,Tetã Volívia,Volívia,Buliwya Mamallaqta,Buliwya,Estado Plurinacional de Bolivia,Bolivia",Bolivia,1,BO,BOL,Sucre,Americas,South America,"Aymara,Guaraní,Quechua,Spanish",,,,,,,
"Caribbean Netherlands,Bonaire, Sint Eustatius and Saba,Bonaire, Sint Eustatius en Saba,Caribisch Nederland,Boneiru, Sint Eustatius y Saba,Boneiru, Sint Eustatius y Saba",Caribbean Netherlands,,BQ,BES,,Americas,Caribbean,"English,Dutch,Papiamento",,,,,,,
"Brazil,Federative Republic of Brazil,República Federativa do Brasil,Brasil",Brazil,1,BR,BRA,Brasília,Americas,South America,Portuguese,,https://riotimesonline.com/,,maybe,,,
"Barbados,Barbados,Barbados,Barbados",Barbados,1,BB,BRB,Bridgetown,Americas,Caribbean,English,,http://www.loopnewsbarbados.com/,,n,,,
"Brunei,Nation of Brunei, Abode of Peace,Nation of Brunei, Abode Damai,Negara Brunei Darussalam",Brunei,1,BN,BRN,Bandar Seri Begawan,Asia,South-Eastern Asia,Malay,,https://www.bruneinews.net/,not local,,,,
"Bhutan,Kingdom of Bhutan,འབྲུག་རྒྱལ་ཁབ་,འབྲུག་ཡུལ་",Bhutan,1,BT,BTN,Thimphu,Asia,Southern Asia,Dzongkha,,http://www.bbs.bt/news/,,n,,,
"Bouvet Island,Bouvet Island,Bouvetøya,Bouvetøya",Bouvet Island,,BV,BVT,,Antarctic,,Norwegian,,,,,,,
"Botswana,Republic of Botswana,Republic of Botswana,Botswana,Lefatshe la Botswana,Botswana",Botswana,1,BW,BWA,Gaborone,Africa,Southern Africa,"English,Tswana",,http://www.thepatriot.co.bw/,,n,,,
"Central African Republic,Central African Republic,République centrafricaine,République centrafricaine,Ködörösêse tî Bêafrîka,Bêafrîka",Central African Republic,1,CF,CAF,Bangui,Africa,Middle Africa,"French,Sango",,,,,,,
"Canada,Canada,Canada,Canada,Canada,Canada",Canada,1,CA,CAN,Ottawa,Americas,North America,"English,French",,https://www.cbc.ca/news/canada,,maybe,,,
"Cocos (Keeling) Islands,Territory of the Cocos (Keeling) Islands,Territory of the Cocos (Keeling) Islands,Cocos (Keeling) Islands",Cocos (Keeling) Islands,,CC,CCK,West Island,Oceania,Australia and New Zealand,English,,,,,,,
"Switzerland,Swiss Confederation,Confédération suisse,Suisse,Schweizerische Eidgenossenschaft,Schweiz,Confederazione Svizzera,Svizzera,Confederaziun svizra,Svizra",Switzerland,1,CH,CHE,Bern,Europe,Western Europe,"French,Swiss German,Italian,Romansh",,https://www.swissinfo.ch/eng/latest-news,The Local is actually in Sweden,maybe,,,
"Chile,Republic of Chile,República de Chile,Chile",Chile,1,CL,CHL,Santiago,Americas,South America,Spanish,,https://santiagotimes.cl/,founded by American,n,,,
"China,People's Republic of China,中华人民共和国,中国",China,1,CN,CHN,Beijing,Asia,Eastern Asia,Chinese,,https://www.chinadaily.com.cn/index.html,,n,,,
"Ivory Coast,Republic of Côte d'Ivoire,République de Côte d'Ivoire,Côte d'Ivoire",Ivory Coast,1,CI,CIV,Yamoussoukro,Africa,Western Africa,French,,,,,,,
"Cameroon,Republic of Cameroon,Republic of Cameroon,Cameroon,République du Cameroun,Cameroun",Cameroon,1,CM,CMR,Yaoundé,Africa,Middle Africa,"English,French",,https://www.journalducameroun.com/en/,,maybe,,,
"DR Congo,Democratic Republic of the Congo,République démocratique du Congo,RD Congo,Repubilika ya Kongo Demokratiki,Repubilika ya Kongo Demokratiki,Republiki ya Kongó Demokratiki,Republiki ya Kongó Demokratiki,Ditunga dia Kongu wa Mungalaata,Ditunga dia Kongu wa Mungalaata,Jamhuri ya Kidemokrasia ya Kongo,Jamhuri ya Kidemokrasia ya Kongo",DR Congo,1,CD,COD,Kinshasa,Africa,Middle Africa,"French,Kikongo,Lingala,Tshiluba,Swahili",,,,,,,
"Republic of the Congo,Republic of the Congo,République du Congo,République du Congo,Repubilika ya Kongo,Repubilika ya Kongo,Republíki ya Kongó,Republíki ya Kongó",Republic of the Congo,1,CG,COG,Brazzaville,Africa,Middle Africa,"French,Kikongo,Lingala",,,,,,,
"Cook Islands,Cook Islands,Cook Islands,Cook Islands,Kūki 'Āirani,Kūki 'Āirani",Cook Islands,,CK,COK,Avarua,Oceania,Polynesia,"English,Cook Islands Māori",,http://www.cookislandsnews.com/,,n,,,
"Colombia,Republic of Colombia,República de Colombia,Colombia",Colombia,1,CO,COL,Bogotá,Americas,South America,Spanish,,https://colombiareports.com/,founded by Dutchman,n,,,
"Comoros,Union of the Comoros,الاتحاد القمري,القمر‎,Union des Comores,Comores,Udzima wa Komori,Komori",Comoros,1,KM,COM,Moroni,Africa,Eastern Africa,"Arabic,French,Comorian",,,,,,,
"Cape Verde,Republic of Cabo Verde,República de Cabo Verde,Cabo Verde",Cape Verde,1,CV,CPV,Praia,Africa,Western Africa,Portuguese,,,,,,,
"Costa Rica,Republic of Costa Rica,República de Costa Rica,Costa Rica",Costa Rica,1,CR,CRI,San José,Americas,Central America,Spanish,,https://ticotimes.net/,,maybe,,,
"Cuba,Republic of Cuba,República de Cuba,Cuba",Cuba,1,CU,CUB,Havana,Americas,Caribbean,Spanish,,https://oncubanews.com/en/,FL-Havana,n,,,
"Curaçao,Country of Curaçao,Country of Curaçao,Curaçao,Land Curaçao,Curaçao,Pais Kòrsou,Pais Kòrsou",Curaçao,,CW,CUW,Willemstad,Americas,Caribbean,"English,Dutch,Papiamento",,https://www.curacaochronicle.com/home/,y; all a/p,,,,
"Christmas Island,Territory of Christmas Island,Territory of Christmas Island,Christmas Island",Christmas Island,,CX,CXR,Flying Fish Cove,Oceania,Australia and New Zealand,English,,,,,,,
"Cayman Islands,Cayman Islands,Cayman Islands,Cayman Islands",Cayman Islands,,KY,CYM,George Town,Americas,Caribbean,English,,https://www.caymancompass.com/,,maybe,,,
"Cyprus,Republic of Cyprus,Δημοκρατία της Κύπρος,Κύπρος,Kıbrıs Cumhuriyeti,Kıbrıs",Cyprus,1,CY,CYP,Nicosia,Europe,Eastern Europe,"Greek,Turkish",,https://cyprus-mail.com/category/cyprus/,,n,,,
"Czechia,Czech Republic,česká republika,Česko,Česká republika,Česko",Czechia,1,CZ,CZE,Prague,Europe,Eastern Europe,"Czech,Slovak",,http://praguemonitor.com/,,y,,,
"Germany,Federal Republic of Germany,Bundesrepublik Deutschland,Deutschland",Germany,1,DE,DEU,Berlin,Europe,Western Europe,German,,https://www.zeit.de/english/index,https://www.dw.com/en/top-stories/germany/,maybe,,,
"Djibouti,Republic of Djibouti,جمهورية جيبوتي,جيبوتي‎,République de Djibouti,Djibouti",Djibouti,1,DJ,DJI,Djibouti,Africa,Eastern Africa,"Arabic,French",,,,,,,
"Dominica,Commonwealth of Dominica,Commonwealth of Dominica,Dominica",Dominica,1,DM,DMA,Roseau,Americas,Caribbean,English,,https://dominicanewsonline.com/news/,,n,,,
"Denmark,Kingdom of Denmark,Kongeriget Danmark,Danmark",Denmark,1,DK,DNK,Copenhagen,Europe,Northern Europe,Danish,,http://cphpost.dk/,,n,,,
"Dominican Republic,Dominican Republic,República Dominicana,República Dominicana",Dominican Republic,1,DO,DOM,Santo Domingo,Americas,Caribbean,Spanish,,https://dominicantoday.com/,,n,,,
"Algeria,People's Democratic Republic of Algeria,الجمهورية الديمقراطية الشعبية الجزائرية,الجزائر",Algeria,1,DZ,DZA,Algiers,Africa,Northern Africa,Arabic,,,,,,,
"Ecuador,Republic of Ecuador,República del Ecuador,Ecuador",Ecuador,1,EC,ECU,Quito,Americas,South America,Spanish,,https://www.ecuadortimes.net/,,n,,,
"Egypt,Arab Republic of Egypt,جمهورية مصر العربية,مصر",Egypt,1,EG,EGY,Cairo,Africa,Northern Africa,Arabic,,https://www.egypttoday.com/,,n,,,
"Eritrea,State of Eritrea,دولة إرتريا,إرتريا‎,State of Eritrea,Eritrea,ሃገረ ኤርትራ,ኤርትራ",Eritrea,1,ER,ERI,Asmara,Africa,Eastern Africa,"Arabic,English,Tigrinya",,https://www.tesfanews.net/,propaganda??,n,,,
"Western Sahara,Sahrawi Arab Democratic Republic,Sahrawi Arab Democratic Republic,Western Sahara,الجمهورية العربية الصحراوية الديمقراطية,الصحراء الغربية,República Árabe Saharaui Democrática,Sahara Occidental",Western Sahara,,EH,ESH,El Aaiún,Africa,Northern Africa,"Berber,Hassaniya,Spanish",,,propaganda section of Moroccan news,,,,
"Spain,Kingdom of Spain,Reino de España,España",Spain,1,ES,ESP,Madrid,Europe,Southern Europe,Spanish,,https://english.elpais.com/,,n,,,
"Estonia,Republic of Estonia,Eesti Vabariik,Eesti",Estonia,1,EE,EST,Tallinn,Europe,Northern Europe,Estonian,,https://news.err.ee/,,,,,
"Ethiopia,Federal Democratic Republic of Ethiopia,የኢትዮጵያ ፌዴራላዊ ዲሞክራሲያዊ ሪፐብሊክ,ኢትዮጵያ",Ethiopia,1,ET,ETH,Addis Ababa,Africa,Eastern Africa,Amharic,,https://addisstandard.com/,,n,,,
"Finland,Republic of Finland,Suomen tasavalta,Suomi,Republiken Finland,Finland",Finland,1,FI,FIN,Helsinki,Europe,Northern Europe,"Finnish,Swedish",,https://www.helsinkitimes.fi/,,n,,,
"Fiji,Republic of Fiji,Republic of Fiji,Fiji,Matanitu Tugalala o Viti,Viti,रिपब्लिक ऑफ फीजी,फिजी",Fiji,1,FJ,FJI,Suva,Oceania,Melanesia,"English,Fijian,Fiji Hindi",,http://fijitimes.com/,owned by R. Murdoch,n,,,
"Falkland Islands,Falkland Islands,Falkland Islands,Falkland Islands",Falkland Islands,,FK,FLK,Stanley,Americas,South America,English,,,,,,,
"France,French Republic,République française,France",France,1,FR,FRA,Paris,Europe,Western Europe,French,,https://www.france24.com/en/france/,lacking in English,maybe,,,
"Faroe Islands,Faroe Islands,Færøerne,Færøerne,Føroyar,Føroyar",Faroe Islands,,FO,FRO,Tórshavn,Europe,Northern Europe,"Danish,Faroese",,http://local.fo/,,n,,,
"Micronesia,Federated States of Micronesia,Federated States of Micronesia,Micronesia",Micronesia,1,FM,FSM,Palikir,Oceania,Micronesia,English,,http://www.kpress.info/,,n,,,
"Gabon,Gabonese Republic,République gabonaise,Gabon",Gabon,1,GA,GAB,Libreville,Africa,Middle Africa,French,,,http://gabonews.com/,y,,,
"United Kingdom,United Kingdom of Great Britain and Northern Ireland,United Kingdom of Great Britain and Northern Ireland,United Kingdom",United Kingdom,1,GB,GBR,London,Europe,Northern Europe,English,,https://www.thetimes.co.uk/,,maybe,,,
"Georgia,Georgia,საქართველო,საქართველო",Georgia,1,GE,GEO,Tbilisi,Asia,Western Asia,Georgian,,http://georgiatoday.ge/,,n,,,
"Guernsey,Bailiwick of Guernsey,Bailiwick of Guernsey,Guernsey,Bailliage de Guernesey,Guernesey,Dgèrnésiais,Dgèrnésiais",Guernsey,,GG,GGY,St. Peter Port,Europe,Northern Europe,"English,French,Guernésiais",,https://guernseypress.com/,,maybe,,,
"Ghana,Republic of Ghana,Republic of Ghana,Ghana",Ghana,1,GH,GHA,Accra,Africa,Western Africa,English,,https://www.ghanaweb.com/,,n,,,
"Gibraltar,Gibraltar,Gibraltar,Gibraltar",Gibraltar,,GI,GIB,Gibraltar,Europe,Southern Europe,English,,https://www.chronicle.gi/,,n,,,
"Guinea,Republic of Guinea,République de Guinée,Guinée",Guinea,1,GN,GIN,Conakry,Africa,Western Africa,French,,--,,,,,
"Guadeloupe,Guadeloupe,Guadeloupe,Guadeloupe",Guadeloupe,,GP,GLP,Basse-Terre,Americas,Caribbean,French,,--,,,,,
"Gambia,Republic of the Gambia,Republic of the Gambia,Gambia",Gambia,1,GM,GMB,Banjul,Africa,Western Africa,English,,https://standard.gm/,,n,,,
"Guinea-Bissau,Republic of Guinea-Bissau,República da Guiné-Bissau,Guiné-Bissau,República da Guiné-Bissau,Guiné-Bissau",Guinea-Bissau,1,GW,GNB,Bissau,Africa,Western Africa,"Portuguese,Upper Guinea Creole",,--,,,,,
"Equatorial Guinea,Republic of Equatorial Guinea,République de la Guinée Équatoriale,Guinée équatoriale,República da Guiné Equatorial,Guiné Equatorial,República de Guinea Ecuatorial,Guinea Ecuatorial",Equatorial Guinea,1,GQ,GNQ,Malabo,Africa,Middle Africa,"French,Portuguese,Spanish",,https://www.guineaecuatorialpress.com/?lang=en,,n,,,
"Greece,Hellenic Republic,Ελληνική Δημοκρατία,Ελλάδα",Greece,1,GR,GRC,Athens,Europe,Southern Europe,Greek,,https://www.ekathimerini.com/,,maybe,,,
"Grenada,Grenada,Grenada,Grenada",Grenada,1,GD,GRD,St. George's,Americas,Caribbean,English,,https://www.thegrenadainformer.com/,,n,,,
"Greenland,Greenland,Kalaallit Nunaat,Kalaallit Nunaat",Greenland,,GL,GRL,Nuuk,Americas,North America,Greenlandic,,--,,,,,
"Guatemala,Republic of Guatemala,República de Guatemala,Guatemala",Guatemala,1,GT,GTM,Guatemala City,Americas,Central America,Spanish,,--,,,,,
"French Guiana,Guiana,Guyane,Guyane française",French Guiana,,GF,GUF,Cayenne,Americas,South America,French,,--,,,,,
"Guam,Guam,Guåhån,Guåhån,Guam,Guam,Guam,Guam",Guam,,GU,GUM,Hagåtña,Oceania,Micronesia,"Chamorro,English,Spanish",,https://www.postguam.com/news/local/,,maybe,,,
"Guyana,Co-operative Republic of Guyana,Co-operative Republic of Guyana,Guyana",Guyana,1,GY,GUY,Georgetown,Americas,South America,English,,https://www.stabroeknews.com/news/guyana/,,maybe,,,
"Hong Kong,Hong Kong Special Administrative Region of the People's Republic of China,Hong Kong Special Administrative Region of the People's Republic of China,Hong Kong,中华人民共和国香港特别行政区,香港",Hong Kong,,HK,HKG,City of Victoria,Asia,Eastern Asia,"English,Chinese",,https://www.scmp.com/,,maybe,,,
"Heard Island and McDonald Islands,Heard Island and McDonald Islands,Heard Island and McDonald Islands,Heard Island and McDonald Islands",Heard Island and McDonald Islands,,HM,HMD,,Antarctic,,English,,--,,,,,
"Honduras,Republic of Honduras,República de Honduras,Honduras",Honduras,1,HN,HND,Tegucigalpa,Americas,Central America,Spanish,,http://www.hondurasnews.com/,,n,,,
"Croatia,Republic of Croatia,Republika Hrvatska,Hrvatska",Croatia,1,HR,HRV,Zagreb,Europe,Southern Europe,Croatian,,https://www.thedubrovniktimes.com/news/croatia,,n,,,
"Haiti,Republic of Haiti,République d'Haïti,Haïti,Repiblik Ayiti,Ayiti",Haiti,1,HT,HTI,Port-au-Prince,Americas,Caribbean,"French,Haitian Creole",,https://www.haitilibre.com/en/,,y,,,
"Hungary,Hungary,Magyarország,Magyarország",Hungary,1,HU,HUN,Budapest,Europe,Eastern Europe,Hungarian,,https://dailynewshungary.com/,not necessarily great news source,maybe,,,
"Indonesia,Republic of Indonesia,Republik Indonesia,Indonesia",Indonesia,1,ID,IDN,Jakarta,Asia,South-Eastern Asia,Indonesian,,https://en.antaranews.com/,,n,,,
"Isle of Man,Isle of Man,Isle of Man,Isle of Man,Ellan Vannin or Mannin,Mannin",Isle of Man,,IM,IMN,Douglas,Europe,Northern Europe,"English,Manx",,http://www.iomtoday.co.im/,,n,,,
"India,Republic of India,Republic of India,India,भारत गणराज्य,भारत,இந்தியக் குடியரசு,இந்தியா",India,1,IN,IND,New Delhi,Asia,Southern Asia,"English,Hindi,Tamil",,https://www.thehindu.com/,,n,,,
"British Indian Ocean Territory,British Indian Ocean Territory,British Indian Ocean Territory,British Indian Ocean Territory",British Indian Ocean Territory,,IO,IOT,Diego Garcia,Africa,Eastern Africa,English,,,https://biot.gov.io/news/category/news/ (no permanent pop),n,,,
"Ireland,Republic of Ireland,Republic of Ireland,Ireland,Poblacht na hÉireann,Éire",Ireland,1,IE,IRL,Dublin,Europe,Northern Europe,"English,Irish",,https://www.irishtimes.com/,,maybe,,,
"Iran,Islamic Republic of Iran,جمهوری اسلامی ایران,ایران",Iran,1,IR,IRN,Tehran,Asia,Southern Asia,Persian (Farsi),,https://irannewsdaily.com/,,n,,,
"Iraq,Republic of Iraq,جمهورية العراق,العراق,ܩܘܼܛܢܵܐ ܐܝܼܪܲܩ,ܩܘܼܛܢܵܐ,کۆماری عێراق,کۆماری",Iraq,1,IQ,IRQ,Baghdad,Asia,Western Asia,"Arabic,Aramaic,Sorani",,https://www.iraqinews.com/,,n,,,
"Iceland,Iceland,Ísland,Ísland",Iceland,1,IS,ISL,Reykjavik,Europe,Northern Europe,Icelandic,,https://icelandmonitor.mbl.is/news/latest/,,n,,,
"Israel,State of Israel,دولة إسرائيل,إسرائيل,מדינת ישראל,ישראל",Israel,1,IL,ISR,Jerusalem,Asia,Western Asia,"Arabic,Hebrew",,https://www.haaretz.com/,,n,,,
"Italy,Italian Republic,Repubblica italiana,Italia",Italy,1,IT,ITA,Rome,Europe,Southern Europe,Italian,,https://www.ansa.it/english/,,n,,,
"Jamaica,Jamaica,Jamaica,Jamaica,Jamaica,Jamaica",Jamaica,1,JM,JAM,Kingston,Americas,Caribbean,"English,Jamaican Patois",,http://jamaica-gleaner.com/,,y,,,
"Jersey,Bailiwick of Jersey,Bailiwick of Jersey,Jersey,Bailliage de Jersey,Jersey,Bailliage dé Jèrri,Jèrri",Jersey,,JE,JEY,Saint Helier,Europe,Northern Europe,"English,French,Jèrriais",,https://www.bailiwickexpress.com/jsy/news/,,n,,,
"Jordan,Hashemite Kingdom of Jordan,المملكة الأردنية الهاشمية,الأردن",Jordan,1,JO,JOR,Amman,Asia,Western Asia,Arabic,,https://www.jordantimes.com/,,maybe,,,
"Japan,Japan,日本,日本",Japan,1,JP,JPN,Tokyo,Asia,Eastern Asia,Japanese,,https://mainichi.jp/english/,,maybe,,,
"Kazakhstan,Republic of Kazakhstan,Қазақстан Республикасы,Қазақстан,Республика Казахстан,Казахстан",Kazakhstan,1,KZ,KAZ,Nur-Sultan,Asia,Central Asia,"Kazakh,Russian",,https://astanatimes.com/,,maybe,,,
"Kenya,Republic of Kenya,Republic of Kenya,Kenya,Republic of Kenya,Kenya",Kenya,1,KE,KEN,Nairobi,Africa,Eastern Africa,"English,Swahili",,https://www.nation.co.ke/,,n,,,
"Kyrgyzstan,Kyrgyz Republic,Кыргыз Республикасы,Кыргызстан,Кыргызская Республика,Киргизия",Kyrgyzstan,1,KG,KGZ,Bishkek,Asia,Central Asia,"Kyrgyz,Russian",,http://en.kabar.kg/,,n,,,
"Cambodia,Kingdom of Cambodia,ព្រះរាជាណាចក្រកម្ពុជា,Kâmpŭchéa",Cambodia,1,KH,KHM,Phnom Penh,Asia,South-Eastern Asia,Khmer,,https://www.phnompenhpost.com/,,maybe,,,
"Kiribati,Independent and Sovereign Republic of Kiribati,Independent and Sovereign Republic of Kiribati,Kiribati,Ribaberiki Kiribati,Kiribati",Kiribati,1,KI,KIR,South Tarawa,Oceania,Micronesia,"English,Gilbertese",,https://kiribatiupdates.com.ki/,,maybe,,,
"Saint Kitts and Nevis,Federation of Saint Christopher and Nevis,Federation of Saint Christopher and Nevis,Saint Kitts and Nevis",Saint Kitts and Nevis,1,KN,KNA,Basseterre,Americas,Caribbean,English,,https://www.thestkittsnevisobserver.com/,,n,,,
"South Korea,Republic of Korea,대한민국,한국",South Korea,1,KR,KOR,Seoul,Asia,Eastern Asia,Korean,,http://english.chosun.com/,,maybe,,,
"Kosovo,Republic of Kosovo,Republika e Kosovës,Kosova,Република Косово,Косово",Kosovo,,XK,UNK,Pristina,Europe,Eastern Europe,"Albanian,Serbian",,--,,,,,
"Kuwait,State of Kuwait,دولة الكويت,الكويت",Kuwait,1,KW,KWT,Kuwait City,Asia,Western Asia,Arabic,,https://www.kuna.net.kw/,,n,,,
"Laos,Lao People's Democratic Republic,ສາທາລະນະ ຊາທິປະໄຕ ຄົນລາວ ຂອງ,ສປປລາວ",Laos,1,LA,LAO,Vientiane,Asia,South-Eastern Asia,Lao,,https://laotiantimes.com/,,y,,,
"Lebanon,Lebanese Republic,الجمهورية اللبنانية,لبنان,République libanaise,Liban",Lebanon,1,LB,LBN,Beirut,Asia,Western Asia,"Arabic,French",,http://www.naharnet.com/,,maybe,,,
"Liberia,Republic of Liberia,Republic of Liberia,Liberia",Liberia,1,LR,LBR,Monrovia,Africa,Western Africa,English,,https://www.liberianobserver.com/,,maybe,,,
"Libya,State of Libya,الدولة ليبيا,‏ليبيا",Libya,1,LY,LBY,Tripoli,Africa,Northern Africa,Arabic,,https://www.libyaobserver.ly/,,n,,,
"Saint Lucia,Saint Lucia,Saint Lucia,Saint Lucia",Saint Lucia,1,LC,LCA,Castries,Americas,Caribbean,English,,https://www.thevoiceslu.com/,,n,,,
"Liechtenstein,Principality of Liechtenstein,Fürstentum Liechtenstein,Liechtenstein",Liechtenstein,1,LI,LIE,Vaduz,Europe,Western Europe,German,,https://www.liechtenstein.li/en/liechtenstein-news/,,maybe,,,
"Sri Lanka,Democratic Socialist Republic of Sri Lanka,ශ්‍රී ලංකා ප්‍රජාතාන්ත්‍රික සමාජවාදී ජනරජය,ශ්‍රී ලංකාව,இலங்கை சனநாயக சோசலிசக் குடியரசு,இலங்கை",Sri Lanka,1,LK,LKA,Colombo,Asia,Southern Asia,"Sinhala,Tamil",,http://www.dailymirror.lk/,,maybe,,,
"Lesotho,Kingdom of Lesotho,Kingdom of Lesotho,Lesotho,Kingdom of Lesotho,Lesotho",Lesotho,1,LS,LSO,Maseru,Africa,Southern Africa,"English,Sotho",,http://lestimes.com/,,n,,,
"Lithuania,Republic of Lithuania,Lietuvos Respublikos,Lietuva",Lithuania,1,LT,LTU,Vilnius,Europe,Northern Europe,Lithuanian,,https://en.delfi.lt/,,n,,,
"Luxembourg,Grand Duchy of Luxembourg,Großherzogtum Luxemburg,Luxemburg,Grand-Duché de Luxembourg,Luxembourg,Groussherzogtum Lëtzebuerg,Lëtzebuerg",Luxembourg,1,LU,LUX,Luxembourg,Europe,Western Europe,"German,French,Luxembourgish",,https://luxtimes.lu/,,maybe,,,
"Latvia,Republic of Latvia,Latvijas Republikas,Latvija",Latvia,1,LV,LVA,Riga,Europe,Northern Europe,Latvian,,https://eng.lsm.lv/,,maybe,,,
"Macau,Macao Special Administrative Region of the People's Republic of China,Região Administrativa Especial de Macau da República Popular da China,Macau,中华人民共和国澳门特别行政区,澳门",Macau,,MO,MAC,,Asia,Eastern Asia,"Portuguese,Chinese",,https://macaudailytimes.com.mo/,,n,,,
"Saint Martin,Saint Martin,Saint-Martin,Saint-Martin",Saint Martin,,MF,MAF,Marigot,Americas,Caribbean,French,,https://www.thedailyherald.sx/,,n,,,
"Morocco,Kingdom of Morocco,المملكة المغربية,المغرب,ⵜⴰⴳⵍⴷⵉⵜ ⵏ ⵍⵎⵖⵔⵉⴱ,ⵍⵎⴰⵖⵔⵉⴱ",Morocco,1,MA,MAR,Rabat,Africa,Northern Africa,"Arabic,Berber",,https://www.moroccoworldnews.com/,,maybe,,,
"Monaco,Principality of Monaco,Principauté de Monaco,Monaco",Monaco,1,MC,MCO,Monaco,Europe,Western Europe,French,,https://www.monaco-tribune.com/en/,how legit?,n,,,
"Moldova,Republic of Moldova,Republica Moldova,Moldova",Moldova,1,MD,MDA,Chișinău,Europe,Eastern Europe,Moldavian,,https://www.moldpres.md/en/,,maybe,,,
"Madagascar,Republic of Madagascar,République de Madagascar,Madagascar,Repoblikan'i Madagasikara,Madagasikara",Madagascar,1,MG,MDG,Antananarivo,Africa,Eastern Africa,"French,Malagasy",,--,,,,,
"Maldives,Republic of the Maldives,ދިވެހިރާއްޖޭގެ ޖުމްހޫރިއްޔާ,ދިވެހިރާއްޖޭގެ",Maldives,1,MV,MDV,Malé,Asia,Southern Asia,Maldivian,,https://en.sun.mv/,,n,,,
"Mexico,United Mexican States,Estados Unidos Mexicanos,México",Mexico,1,MX,MEX,Mexico City,Americas,North America,Spanish,,https://mexiconewsdaily.com/,,n,,,
"Marshall Islands,Republic of the Marshall Islands,Republic of the Marshall Islands,Marshall Islands,Republic of the Marshall Islands,M̧ajeļ",Marshall Islands,1,MH,MHL,Majuro,Oceania,Micronesia,"English,Marshallese",,https://marshallislandsjournal.com/,,maybe,,,
"North Macedonia,Republic of North Macedonia,Република Северна Македонија,Македонија",North Macedonia,1,MK,MKD,Skopje,Europe,Southern Europe,Macedonian,,,,,,,
"Mali,Republic of Mali,République du Mali,Mali",Mali,1,ML,MLI,Bamako,Africa,Western Africa,French,,,,,,,
"Malta,Republic of Malta,Republic of Malta,Malta,Repubblika ta ' Malta,Malta",Malta,1,MT,MLT,Valletta,Europe,Southern Europe,"English,Maltese",,https://www.maltatoday.com.mt/,,n,,,
"Myanmar,Republic of the Union of Myanmar,ပြည်ထောင်စု သမ္မတ မြန်မာနိုင်ငံတော်,မြန်မာ",Myanmar,1,MM,MMR,Naypyidaw,Asia,South-Eastern Asia,Burmese,,https://www.mmtimes.com/,,maybe,,,
"Montenegro,Montenegro,Црна Гора,Црна Гора",Montenegro,1,ME,MNE,Podgorica,Europe,Southern Europe,Montenegrin,,,,,,,
"Mongolia,Mongolia,Монгол улс,Монгол улс",Mongolia,1,MN,MNG,Ulan Bator,Asia,Eastern Asia,Mongolian,,https://montsame.mn/en/,,maybe,,,
"Northern Mariana Islands,Commonwealth of the Northern Mariana Islands,Commonwealth of the Northern Mariana Islands,Northern Mariana Islands,Sankattan Siha Na Islas Mariånas,Na Islas Mariånas,Commonwealth of the Northern Mariana Islands,Northern Mariana Islands",Northern Mariana Islands,,MP,MNP,Saipan,Oceania,Micronesia,"Carolinian,Chamorro,English",,,,,,,
"Mozambique,Republic of Mozambique,República de Moçambique,Moçambique",Mozambique,1,MZ,MOZ,Maputo,Africa,Eastern Africa,Portuguese,,,,,,,
"Mauritania,Islamic Republic of Mauritania,الجمهورية الإسلامية الموريتانية,موريتانيا",Mauritania,1,MR,MRT,Nouakchott,Africa,Western Africa,Arabic,,,,,,,
"Montserrat,Montserrat,Montserrat,Montserrat",Montserrat,,MS,MSR,Plymouth,Americas,Caribbean,English,,,,,,,
"Martinique,Martinique,Martinique,Martinique",Martinique,,MQ,MTQ,Fort-de-France,Americas,Caribbean,French,,,,,,,
"Mauritius,Republic of Mauritius,Republic of Mauritius,Mauritius,République de Maurice,Maurice,Republik Moris,Moris",Mauritius,1,MU,MUS,Port Louis,Africa,Eastern Africa,"English,French,Mauritian Creole",,,,,,,
"Malawi,Republic of Malawi,Republic of Malawi,Malawi,Chalo cha Malawi, Dziko la Malaŵi,Malaŵi",Malawi,1,MW,MWI,Lilongwe,Africa,Eastern Africa,"English,Chewa",,https://www.nyasatimes.com/,,n,,,
"Malaysia,Malaysia,Malaysia,Malaysia,مليسيا,مليسيا",Malaysia,1,MY,MYS,Kuala Lumpur,Asia,South-Eastern Asia,"English,Malay",,https://www.nst.com.my/,,y,,,
"Mayotte,Department of Mayotte,Département de Mayotte,Mayotte",Mayotte,,YT,MYT,Mamoudzou,Africa,Eastern Africa,French,,,,,,,
"Namibia,Republic of Namibia,Republiek van Namibië,Namibië,Republik Namibia,Namibia,Republic of Namibia,Namibia,Republic of Namibia,Namibia,Republic of Namibia,Namibia,Republic of Namibia,Namibia,Republic of Namibia,Namibia,Republic of Namibia,Namibia,Lefatshe la Namibia,Namibia",Namibia,1,NA,NAM,Windhoek,Africa,Southern Africa,"Afrikaans,German,English,Herero,Khoekhoe,Kwangali,Lozi,Ndonga,Tswana",,https://www.namibian.com.na/,,maybe,,,
"New Caledonia,New Caledonia,Nouvelle-Calédonie,Nouvelle-Calédonie",New Caledonia,,NC,NCL,Nouméa,Oceania,Melanesia,French,,,,,,,
"Niger,Republic of Niger,République du Niger,Niger",Niger,1,NE,NER,Niamey,Africa,Western Africa,French,,,,,,,
"Norfolk Island,Territory of Norfolk Island,Territory of Norfolk Island,Norfolk Island,Teratri of Norf'k Ailen,Norf'k Ailen",Norfolk Island,,NF,NFK,Kingston,Oceania,Australia and New Zealand,"English,Norfuk",,,,,,,
"Nigeria,Federal Republic of Nigeria,Federal Republic of Nigeria,Nigeria",Nigeria,1,NG,NGA,Abuja,Africa,Western Africa,English,,https://www.vanguardngr.com/,,n,,,
"Nicaragua,Republic of Nicaragua,República de Nicaragua,Nicaragua",Nicaragua,1,NI,NIC,Managua,Americas,Central America,Spanish,,,,,,,
"Niue,Niue,Niue,Niue,Niuē,Niuē",Niue,,NU,NIU,Alofi,Oceania,Polynesia,"English,Niuean",,,,,,,
"Netherlands,Kingdom of the Netherlands,Koninkrijk der Nederlanden,Nederland",Netherlands,1,NL,NLD,Amsterdam,Europe,Western Europe,Dutch,,https://www.dutchnews.nl/,,n,,,
"Norway,Kingdom of Norway,Kongeriket Noreg,Noreg,Kongeriket Norge,Norge,Norgga gonagasriika,Norgga",Norway,1,NO,NOR,Oslo,Europe,Northern Europe,"Norwegian Nynorsk,Norwegian Bokmål,Sami",,https://www.tnp.no/,,n,,,
"Nepal,Federal Democratic Republic of Nepal,नेपाल संघीय लोकतान्त्रिक गणतन्त्र,नेपाल",Nepal,1,NP,NPL,Kathmandu,Asia,Southern Asia,Nepali,,https://thehimalayantimes.com/,,n,,,
"Nauru,Republic of Nauru,Republic of Nauru,Nauru,Republic of Nauru,Nauru",Nauru,1,NR,NRU,Yaren,Oceania,Micronesia,"English,Nauru",,http://nauru-news.com/,,maybe,,,
"New Zealand,New Zealand,New Zealand,New Zealand,Aotearoa,Aotearoa,New Zealand,New Zealand",New Zealand,1,NZ,NZL,Wellington,Oceania,Australia and New Zealand,"English,Māori,New Zealand Sign Language",,https://www.nzherald.co.nz/,,n,,,
"Oman,Sultanate of Oman,سلطنة عمان,عمان",Oman,1,OM,OMN,Muscat,Asia,Western Asia,Arabic,,https://timesofoman.com/,,n,,,
"Pakistan,Islamic Republic of Pakistan,Islamic Republic of Pakistan,Pakistan,اسلامی جمہوریۂ پاكستان,پاكستان",Pakistan,1,PK,PAK,Islamabad,Asia,Southern Asia,"English,Urdu",,https://www.dawn.com/,,n,,,
"Panama,Republic of Panama,República de Panamá,Panamá",Panama,1,PA,PAN,Panama City,Americas,Central America,Spanish,,https://www.panamatoday.com/,,n,,,
"Pitcairn Islands,Pitcairn Group of Islands,Pitcairn Group of Islands,Pitcairn Islands",Pitcairn Islands,,PN,PCN,Adamstown,Oceania,Polynesia,English,,,,,,,
"Peru,Republic of Peru,Piruw Suyu,Piruw,Piruw Ripuwlika,Piruw,República del Perú,Perú",Peru,1,PE,PER,Lima,Americas,South America,"Aymara,Quechua,Spanish",,https://www.peruviantimes.com/,https://andina.pe/ingles/,n,,,
"Philippines,Republic of the Philippines,Republic of the Philippines,Philippines,Republic of the Philippines,Pilipinas",Philippines,1,PH,PHL,Manila,Asia,South-Eastern Asia,"English,Filipino",,https://www.inquirer.net/,,y,,,
"Palau,Republic of Palau,Republic of Palau,Palau,Beluu er a Belau,Belau",Palau,1,PW,PLW,Ngerulmud,Oceania,Micronesia,"English,Palauan",,https://www.palaugov.pw/news/,,m,,,
"Papua New Guinea,Independent State of Papua New Guinea,Independent State of Papua New Guinea,Papua New Guinea,Independen Stet bilong Papua Niugini,Papua Niu Gini,Independen Stet bilong Papua Niugini,Papua Niugini",Papua New Guinea,1,PG,PNG,Port Moresby,Oceania,Melanesia,"English,Hiri Motu,Tok Pisin",,https://postcourier.com.pg/,,n,,,
"Poland,Republic of Poland,Rzeczpospolita Polska,Polska",Poland,1,PL,POL,Warsaw,Europe,Eastern Europe,Polish,,https://www.polskieradio.pl/395,,n,,,
"Puerto Rico,Commonwealth of Puerto Rico,Commonwealth of Puerto Rico,Puerto Rico,Estado Libre Asociado de Puerto Rico,Puerto Rico",Puerto Rico,,PR,PRI,San Juan,Americas,Caribbean,"English,Spanish",,,,,,,
"North Korea,Democratic People's Republic of Korea,조선민주주의인민공화국,조선",North Korea,1,KP,PRK,Pyongyang,Asia,Eastern Asia,Korean,,,,,,,
"Portugal,Portuguese Republic,República português,Portugal",Portugal,1,PT,PRT,Lisbon,Europe,Southern Europe,Portuguese,,https://www.theportugalnews.com/,,n,,,
"Paraguay,Republic of Paraguay,Tetã Paraguái,Paraguái,República de Paraguay,Paraguay",Paraguay,1,PY,PRY,Asunción,Americas,South America,"Guaraní,Spanish",,,,,,,
"Palestine,State of Palestine,دولة فلسطين,فلسطين",Palestine,,PS,PSE,Ramallah,Asia,Western Asia,Arabic,,http://english.pnn.ps/,,n,,,
"French Polynesia,French Polynesia,Polynésie française,Polynésie française",French Polynesia,,PF,PYF,Papeetē,Oceania,Polynesia,French,,,,,,,
"Qatar,State of Qatar,دولة قطر,قطر",Qatar,1,QA,QAT,Doha,Asia,Western Asia,Arabic,,https://thepeninsulaqatar.com/,,maybe,,,
"Réunion,Réunion Island,Ile de la Réunion,La Réunion",Réunion,,RE,REU,Saint-Denis,Africa,Eastern Africa,French,,,,,,,
"Romania,Romania,România,România",Romania,1,RO,ROU,Bucharest,Europe,Eastern Europe,Romanian,,https://www.romaniajournal.ro/,,n,,,
"Russia,Russian Federation,Российская Федерация,Россия",Russia,1,RU,RUS,Moscow,Europe,Eastern Europe,Russian,,https://www.themoscowtimes.com/,,maybe,,,
"Rwanda,Republic of Rwanda,Republic of Rwanda,Rwanda,République rwandaise,Rwanda,Repubulika y'u Rwanda,Rwanda",Rwanda,1,RW,RWA,Kigali,Africa,Eastern Africa,"English,French,Kinyarwanda",,https://www.newtimes.co.rw/,,n,,,
"Saudi Arabia,Kingdom of Saudi Arabia,المملكة العربية السعودية,العربية السعودية",Saudi Arabia,1,SA,SAU,Riyadh,Asia,Western Asia,Arabic,,https://saudigazette.com.sa/,,maybe,,,
"Sudan,Republic of the Sudan,جمهورية السودان,السودان,Republic of the Sudan,Sudan",Sudan,1,SD,SDN,Khartoum,Africa,Northern Africa,"Arabic,English",,https://www.sudantribune.com/,not in Sudan,n,,,
"Senegal,Republic of Senegal,République du Sénégal,Sénégal",Senegal,1,SN,SEN,Dakar,Africa,Western Africa,French,,,,,,,
"Singapore,Republic of Singapore,新加坡共和国,新加坡,Republic of Singapore,Singapore,Republik Singapura,Singapura,சிங்கப்பூர் குடியரசு,சிங்கப்பூர்",Singapore,1,SG,SGP,Singapore,Asia,South-Eastern Asia,"Chinese,English,Malay,Tamil",,https://www.straitstimes.com/global,,y,,,title el inside <a> tag
"South Georgia,South Georgia and the South Sandwich Islands,South Georgia and the South Sandwich Islands,South Georgia",South Georgia,,GS,SGS,King Edward Point,Antarctic,,English,,,,,,,
"Svalbard and Jan Mayen,Svalbard og Jan Mayen,Svalbard og Jan Mayen,Svalbard og Jan Mayen",Svalbard and Jan Mayen,,SJ,SJM,Longyearbyen,Europe,Northern Europe,Norwegian,,,,,,,
"Solomon Islands,Solomon Islands,Solomon Islands,Solomon Islands",Solomon Islands,1,SB,SLB,Honiara,Oceania,Melanesia,English,,https://www.solomontimes.com/,,n,,,
"Sierra Leone,Republic of Sierra Leone,Republic of Sierra Leone,Sierra Leone",Sierra Leone,1,SL,SLE,Freetown,Africa,Western Africa,English,,https://www.thesierraleonetelegraph.com/,,n,,,
"El Salvador,Republic of El Salvador,República de El Salvador,El Salvador",El Salvador,1,SV,SLV,San Salvador,Americas,Central America,Spanish,,,,,,,
"San Marino,Most Serene Republic of San Marino,Serenissima Repubblica di San Marino,San Marino",San Marino,1,SM,SMR,City of San Marino,Europe,Southern Europe,Italian,,,,,,,
"Somalia,Federal Republic of Somalia,جمهورية الصومال‎‎,الصومال‎‎,Jamhuuriyadda Federaalka Soomaaliya,Soomaaliya",Somalia,1,SO,SOM,Mogadishu,Africa,Eastern Africa,"Arabic,Somali",,,,,,,
"Saint Pierre and Miquelon,Saint Pierre and Miquelon,Collectivité territoriale de Saint-Pierre-et-Miquelon,Saint-Pierre-et-Miquelon",Saint Pierre and Miquelon,,PM,SPM,Saint-Pierre,Americas,North America,French,,,,,,,
"Serbia,Republic of Serbia,Република Србија,Србија",Serbia,1,RS,SRB,Belgrade,Europe,Southern Europe,Serbian,,https://www.b92.net/eng/,,maybe,,,
"South Sudan,Republic of South Sudan,Republic of South Sudan,South Sudan",South Sudan,1,SS,SSD,Juba,Africa,Middle Africa,English,,,,,,,
"São Tomé and Príncipe,Democratic Republic of São Tomé and Príncipe,República Democrática do São Tomé e Príncipe,São Tomé e Príncipe",São Tomé and Príncipe,1,ST,STP,São Tomé,Africa,Middle Africa,Portuguese,,,,,,,
"Suriname,Republic of Suriname,Republiek Suriname,Suriname",Suriname,1,SR,SUR,Paramaribo,Americas,South America,Dutch,,,,,,,
"Slovakia,Slovak Republic,Slovenská republika,Slovensko",Slovakia,1,SK,SVK,Bratislava,Europe,Central Europe,Slovak,,https://spectator.sme.sk/,,n,,,
"Slovenia,Republic of Slovenia,Republika Slovenija,Slovenija",Slovenia,1,SI,SVN,Ljubljana,Europe,Southern Europe,Slovene,,http://www.sloveniatimes.com/,,n,,,
"Sweden,Kingdom of Sweden,Konungariket Sverige,Sverige",Sweden,1,SE,SWE,Stockholm,Europe,Northern Europe,Swedish,,https://www.thelocal.se/,,n,,,
"Eswatini,Kingdom of Eswatini,Kingdom of Eswatini,Eswatini,Umbuso weSwatini,eSwatini",Eswatini,1,SZ,SWZ,Lobamba,Africa,Southern Africa,"English,Swazi",,http://www.times.co.sz/,,n,,,
"Sint Maarten,Sint Maarten,Sint Maarten,Sint Maarten,Saint-Martin,Saint-Martin,Sint Maarten,Sint Maarten",Sint Maarten,,SX,SXM,Philipsburg,Americas,Caribbean,"English,French,Dutch",,,,,,,
"Seychelles,Republic of Seychelles,Repiblik Sesel,Sesel,Republic of Seychelles,Seychelles,République des Seychelles,Seychelles",Seychelles,1,SC,SYC,Victoria,Africa,Eastern Africa,"Seychellois Creole,English,French",,,,,,,
"Syria,Syrian Arab Republic,الجمهورية العربية السورية,سوريا",Syria,1,SY,SYR,Damascus,Asia,Western Asia,Arabic,,,,,,,
"Turks and Caicos Islands,Turks and Caicos Islands,Turks and Caicos Islands,Turks and Caicos Islands",Turks and Caicos Islands,,TC,TCA,Cockburn Town,Americas,Caribbean,English,,,,,,,
"Chad,Republic of Chad,جمهورية تشاد,تشاد‎,République du Tchad,Tchad",Chad,1,TD,TCD,N'Djamena,Africa,Middle Africa,"Arabic,French",,,,,,,
"Togo,Togolese Republic,République togolaise,Togo",Togo,1,TG,TGO,Lomé,Africa,Western Africa,French,,,,,,,
"Thailand,Kingdom of Thailand,ราชอาณาจักรไทย,ประเทศไทย",Thailand,1,TH,THA,Bangkok,Asia,South-Eastern Asia,Thai,,https://www.bangkokpost.com/,,n,,,
"Tajikistan,Republic of Tajikistan,Республика Таджикистан,Таджикистан,Ҷумҳурии Тоҷикистон,Тоҷикистон",Tajikistan,1,TJ,TJK,Dushanbe,Asia,Central Asia,"Russian,Tajik",,https://asiaplustj.info/en,,maybe,,,
"Tokelau,Tokelau,Tokelau,Tokelau,Tokelau,Tokelau,Tokelau,Tokelau",Tokelau,,TK,TKL,Fakaofo,Oceania,Polynesia,"English,Samoan,Tokelauan",,,,,,,
"Turkmenistan,Turkmenistan,Туркменистан,Туркмения,Türkmenistan,Türkmenistan",Turkmenistan,1,TM,TKM,Ashgabat,Asia,Central Asia,"Russian,Turkmen",,https://en.turkmen.news/,not in Turkmen,n,,,
"Timor-Leste,Democratic Republic of Timor-Leste,República Democrática de Timor-Leste,Timor-Leste,Repúblika Demokrátika Timór-Leste,Timór-Leste",Timor-Leste,1,TL,TLS,Dili,Asia,South-Eastern Asia,"Portuguese,Tetum",,,,,,,
"Tonga,Kingdom of Tonga,Kingdom of Tonga,Tonga,Kingdom of Tonga,Tonga",Tonga,1,TO,TON,Nuku'alofa,Oceania,Polynesia,"English,Tongan",,,,,,,
"Trinidad and Tobago,Republic of Trinidad and Tobago,Republic of Trinidad and Tobago,Trinidad and Tobago",Trinidad and Tobago,1,TT,TTO,Port of Spain,Americas,Caribbean,English,,,,,,,
"Tunisia,Tunisian Republic,الجمهورية التونسية,تونس",Tunisia,1,TN,TUN,Tunis,Africa,Northern Africa,Arabic,,https://www.tap.info.tn/en/,,y--filter out headlines ending in ...,,,
"Turkey,Republic of Turkey,Türkiye Cumhuriyeti,Türkiye",Turkey,1,TR,TUR,Ankara,Asia,Western Asia,Turkish,,https://www.hurriyetdailynews.com/,,n,,,
"Tuvalu,Tuvalu,Tuvalu,Tuvalu,Tuvalu,Tuvalu",Tuvalu,1,TV,TUV,Funafuti,Oceania,Polynesia,"English,Tuvaluan",,,,,,,
"Taiwan,Republic of China (Taiwan),中華民國,台灣",Taiwan,,TW,TWN,Taipei,Asia,Eastern Asia,Chinese,,https://www.taipeitimes.com/,,n,,,
"Tanzania,United Republic of Tanzania,United Republic of Tanzania,Tanzania,Jamhuri ya Muungano wa Tanzania,Tanzania",Tanzania,1,TZ,TZA,Dodoma,Africa,Eastern Africa,"English,Swahili",,https://www.thecitizen.co.tz/,,maybe,,,
"Uganda,Republic of Uganda,Republic of Uganda,Uganda,Republic of Uganda,Uganda",Uganda,1,UG,UGA,Kampala,Africa,Eastern Africa,"English,Swahili",,https://www.monitor.co.ug/,,n,,,
"Ukraine,Ukraine,Україна,Україна",Ukraine,1,UA,UKR,Kyiv,Europe,Eastern Europe,Ukrainian,,https://www.kyivpost.com/,,n,,,
"United States Minor Outlying Islands,United States Minor Outlying Islands,United States Minor Outlying Islands,United States Minor Outlying Islands",United States Minor Outlying Islands,,UM,UMI,,Americas,North America,English,,,,,,,
"Uruguay,Oriental Republic of Uruguay,República Oriental del Uruguay,Uruguay",Uruguay,1,UY,URY,Montevideo,Americas,South America,Spanish,,,,,,,
"United States,United States of America,United States of America,United States",United States,1,US,USA,Washington D.C.,Americas,North America,English,,https://www.wsj.com/,,n,,,
"Uzbekistan,Republic of Uzbekistan,Республика Узбекистан,Узбекистан,O'zbekiston Respublikasi,O‘zbekiston",Uzbekistan,1,UZ,UZB,Tashkent,Asia,Central Asia,"Russian,Uzbek",,https://kun.uz/en,,maybe,,,
"Vatican City,Vatican City State,Stato della Città del Vaticano,Vaticano,Status Civitatis Vaticanæ,Vaticanæ",Vatican City,1,VA,VAT,Vatican City,Europe,Southern Europe,"Italian,Latin",,https://www.vaticannews.va/en.html,,n,,,
"Saint Vincent and the Grenadines,Saint Vincent and the Grenadines,Saint Vincent and the Grenadines,Saint Vincent and the Grenadines",Saint Vincent and the Grenadines,1,VC,VCT,Kingstown,Americas,Caribbean,English,,,,,,,
"Venezuela,Bolivarian Republic of Venezuela,República Bolivariana de Venezuela,Venezuela",Venezuela,1,VE,VEN,Caracas,Americas,South America,Spanish,,,,,,,
"British Virgin Islands,Virgin Islands,Virgin Islands,British Virgin Islands",British Virgin Islands,,VG,VGB,Road Town,Americas,Caribbean,English,,,,,,,
"United States Virgin Islands,Virgin Islands of the United States,Virgin Islands of the United States,United States Virgin Islands",United States Virgin Islands,,VI,VIR,Charlotte Amalie,Americas,Caribbean,English,,,,,,,
"Vietnam,Socialist Republic of Vietnam,Cộng hòa xã hội chủ nghĩa Việt Nam,Việt Nam",Vietnam,1,VN,VNM,Hanoi,Asia,South-Eastern Asia,Vietnamese,,https://vietnamnews.vn/,,y,,,
"Vanuatu,Republic of Vanuatu,Ripablik blong Vanuatu,Vanuatu,Republic of Vanuatu,Vanuatu,République de Vanuatu,Vanuatu",Vanuatu,1,VU,VUT,Port Vila,Oceania,Melanesia,"Bislama,English,French",,https://dailypost.vu/,,maybe,,,
"Wallis and Futuna,Territory of the Wallis and Futuna Islands,Territoire des îles Wallis et Futuna,Wallis et Futuna",Wallis and Futuna,,WF,WLF,Mata-Utu,Oceania,Polynesia,French,,,,,,,
"Samoa,Independent State of Samoa,Independent State of Samoa,Samoa,Malo Saʻoloto Tutoʻatasi o Sāmoa,Sāmoa",Samoa,1,WS,WSM,Apia,Oceania,Polynesia,"English,Samoan",,,,,,,
"Yemen,Republic of Yemen,الجمهورية اليمنية,اليَمَن",Yemen,1,YE,YEM,Sana'a,Asia,Western Asia,Arabic,,,,,,,
"South Africa,Republic of South Africa,Republiek van Suid-Afrika,South Africa,Republic of South Africa,South Africa,IRiphabliki yeSewula Afrika,Sewula Afrika,Rephaboliki ya Afrika-Borwa ,Afrika-Borwa,Rephaboliki ya Afrika Borwa,Afrika Borwa,IRiphabhulikhi yeNingizimu Afrika,Ningizimu Afrika,Rephaboliki ya Aforika Borwa,Aforika Borwa,Riphabliki ra Afrika Dzonga,Afrika Dzonga,Riphabuḽiki ya Afurika Tshipembe,Afurika Tshipembe,IRiphabliki yaseMzantsi Afrika,Mzantsi Afrika,IRiphabliki yaseNingizimu Afrika,Ningizimu Afrika",South Africa,1,ZA,ZAF,"Pretoria,Bloemfontein,Cape Town",Africa,Southern Africa,"Afrikaans,English,Southern Ndebele,Northern Sotho,Southern Sotho,Swazi,Tswana,Tsonga,Venda,Xhosa,Zulu",,https://www.timeslive.co.za/,,y,,,
"Zambia,Republic of Zambia,Republic of Zambia,Zambia",Zambia,1,ZM,ZMB,Lusaka,Africa,Eastern Africa,English,,https://www.lusakatimes.com/,,maybe,,,
"Zimbabwe,Republic of Zimbabwe,Republic of Zimbabwe,Zimbabwe,Republic of Zimbabwe,Zimbabwe,Republic of Zimbabwe,Zimbabwe,Republic of Zimbabwe,Zimbabwe,Republic of Zimbabwe,Zimbabwe,Republic of Zimbabwe,Zimbabwe,Republic of Zimbabwe,Zimbabwe,Republic of Zimbabwe,Zimbabwe,Republic of Zimbabwe,Zimbabwe,Republic of Zimbabwe,Zimbabwe,Republic of Zimbabwe,Zimbabwe,Republic of Zimbabwe,Zimbabwe,Republic of Zimbabwe,Zimbabwe,Republic of Zimbabwe,Zimbabwe,Republic of Zimbabwe,Zimbabwe",Zimbabwe,1,ZW,ZWE,Harare,Africa,Eastern Africa,"Chibarwe,English,Kalanga,Khoisan,Ndau,Northern Ndebele,Chewa,Shona,Sotho,Tonga,Tswana,Tsonga,Venda,Xhosa,Zimbabwean Sign Language",,https://www.newzimbabwe.com/,,maybe,,,
,Quebec,,,,,,,,,,,,y,,
,Macau,,,,,,,,,,,,y,,
,England,,,,,,,,,,,,y,,
,Wales,,,,,,,,,,,,y,,
,Scotland,,,,,,,,,,,,y,,
,Northern Ireland,,,,,,,,,,,,y,,
,Somaliland,,,B30,Hargeisa,Africa,,,,https://www.somalilandsun.com/,,,n,,